7488 4762 7503 0540,Rodrigo Moreira
9956 6155 1976 8900,Gabriela Correia
6870 9386 7403 8030,Yuri Nogueira
3639 9314 6051 1990,Clarice Teixeira
3548 0624 1904 2300,Laura Almeida
5267 5376 0005 4350,Sophia Martins
9539 6946 2805 5240,Alexandre Silveira
6058 9842 0374 7160,Valentina da Paz
2992 5680 3941 4880,Rafael Cardoso
2449 8030 9461 4030,Natalia Moraes
5466 7525 1661 8430,Vitoria Rezende
5571 1074 7525 0810,Calebe Carvalho
2281 9263 9376 3090,Helena Teixeira
5742 8857 5547 6100,Ana Livia das Neves
4883 3850 0977 4780,Isabella Pereira
1810 6760 0193 9010,Catarina Oliveira
2914 3881 4369 8160,Milena das Neves
2574 7649 3855 8180,Otavio Pereira
4370 3434 0714 1470,Lara Rodrigues
6701 1375 8642 1020,Melissa Jesus
3532 4113 0251 5710,Valentina da Cruz
5194 9950 3142 3690,Pietra Araujo
6975 0094 8406 4900,Esther Rodrigues
8217 5517 0743 2380,Felipe da Costa
8444 5283 9517 1660,Caroline da Paz
1054 7543 5162 1730,Fernanda Pereira
7345 4815 6377 7770,Luigi das Neves
2265 2951 4605 4150,Nicolas Monteiro
8786 5978 0023 7950,Raul Fernandes
8530 9577 1821 4560,Caua Goncalves
6946 2337 3482 1220,Joao Moraes
9092 3733 3530 4120,Rafaela Costa
5778 9990 9698 7470,Ana Laura da Mata
4894 1441 8613 9990,Ana Clara Gomes
6887 9742 2299 4010,Emilly Azevedo
9732 7841 4079 6180,Rafael Rodrigues
3429 8865 2684 5030,Maria Sophia Nascimento
3691 9415 5160 1650,Julia Gomes
6506 4702 4332 5270,Esther Campos
8537 5552 2152 2440,Esther Viana
4406 1632 6289 6910,Julia Viana
2607 5857 8452 6170,Ana Sophia Costa
2504 5084 2502 1210,Lorena Nascimento
3160 0788 9174 0930,Alana da Rocha
3144 1749 7193 0820,Raul Pinto
9111 8561 9265 5010,Maria Fernanda Porto
3194 5364 8373 0850,Samuel Castro
9854 4364 2034 5110,Giovanna Farias
2297 8770 9949 3200,Kamilly Mendes
7425 6060 2370 8070,Igor da Costa
1939 4949 8919 9280,Lavinia Moreira
6849 1965 0432 7430,Ana Sophia Pereira
3224 0485 9765 9750,Ana Mendes
7645 4410 0620 6600,Ryan Gomes
6526 3237 2113 7450,Maria Vitoria da Conceicao
2927 5636 1841 9080,Bryan Araujo
2986 8465 1739 1920, Rodrigo Oliveira
1086 3153 1055 1580,Matheus Vieira
7902 9981 4866 5850,Caue Aragao
9370 1754 9843 9960,Daniel Vieira
3506 3682 7654 3480,Raul Gomes
9924 0965 3555 4730,Raul Ferreira
7410 7365 0278 9920,Caua Pinto
2258 0401 8750 6480,Lucca Martins
4495 7542 3210 9360,Nina das Neves
8831 0113 8606 2090,Leonardo Silveira
4465 1851 1675 8540,Rebeca Correia
3221 1350 8767 1500,Caio Ramos
5580 7305 0972 9600,Valentina Peixoto
1272 0166 1731 3100,Diego da Conceicao
6943 0169 7458 4420,Alexia Moreira
2985 3291 7517 2300,Maria Eduarda Rocha
1619 2075 3218 0540,Amanda da Paz
1664 5002 7459 0710,Barbara da Mata
3455 7221 9942 3890,Agatha Fogassa
1276 8580 8753 2350,Luiz Felipe Barros
5350 5049 4082 7270,Ana Beatriz Campos
4393 4693 6689 9900,Heitor Barros
6051 8357 6411 3660,Emilly Cavalcanti
9320 2184 1978 4500,Bruno Goncalves
1748 7075 9636 2320, Felipe Porto
6061 0514 8303 8300, Rafael Ribeiro
8774 3992 4150 5340,Helena Fogassa
3044 7550 8304 8000,Thales Peixoto
3353 6786 6786 9650,Ian Costa
3163 8636 7357 6760,Gabrielly da Mota
1947 1032 9408 5500,Pedro Vieira
3290 6212 8057 6690,Rafaela Lopes
3259 9568 9162 1500,Joana Monteiro
3505 8689 7560 3990,Giovanna Moraes
3364 7257 2842 7210,Leonardo Duarte
3310 4979 3444 6490,Kaique da Mata
7329 0143 0558 2750,Otavio Nascimento
2316 8006 7837 4410,Fernanda Nascimento
3278 4554 7171 8700,Maria Fernanda Santos
8998 4922 9261 0960,Mirella Nunes
1171 5741 3485 9890,Joao Pedro Cardoso
9420 6346 2307 7450,Erick Santos
1352 6055 4614 1340,Marina da Luz
4299 5677 4720 6910,Maite Barbosa
